RoleUserInterceptor.java,edu.ucsb.cs156.organic.Interceptors.RoleUserInterceptor,org.pitest.mutationtest.engine.gregor.mutators.NegateConditionalsMutator,lambda$preHandle$0,53,KILLED,edu.ucsb.cs156.organic.Interceptors.RoleUserInterceptorTests.[engine:junit-jupiter]/[class:edu.ucsb.cs156.organic.Interceptors.RoleUserInterceptorTests]/[method:interceptor_removes_instructor_role_when_driver_field_in_db_is_false()]
RoleUserInterceptor.java,edu.ucsb.cs156.organic.Interceptors.RoleUserInterceptor,org.pitest.mutationtest.engine.gregor.mutators.NegateConditionalsMutator,lambda$preHandle$0,54,KILLED,edu.ucsb.cs156.organic.Interceptors.RoleUserInterceptorTests.[engine:junit-jupiter]/[class:edu.ucsb.cs156.organic.Interceptors.RoleUserInterceptorTests]/[method:interceptor_removes_instructor_role_when_driver_field_in_db_is_false()]
RoleUserInterceptor.java,edu.ucsb.cs156.organic.Interceptors.RoleUserInterceptor,org.pitest.mutationtest.engine.gregor.mutators.returns.BooleanTrueReturnValsMutator,lambda$preHandle$0,53,KILLED,edu.ucsb.cs156.organic.Interceptors.RoleUserInterceptorTests.[engine:junit-jupiter]/[class:edu.ucsb.cs156.organic.Interceptors.RoleUserInterceptorTests]/[method:interceptor_removes_instructor_role_when_driver_field_in_db_is_false()]
RoleUserInterceptor.java,edu.ucsb.cs156.organic.Interceptors.RoleUserInterceptor,org.pitest.mutationtest.engine.gregor.mutators.NegateConditionalsMutator,preHandle,43,KILLED,edu.ucsb.cs156.organic.controllers.SystemInfoControllerTests.[engine:junit-jupiter]/[class:edu.ucsb.cs156.organic.controllers.SystemInfoControllerTests]/[method:systemInfo__admin_logged_in()]
RoleUserInterceptor.java,edu.ucsb.cs156.organic.Interceptors.RoleUserInterceptor,org.pitest.mutationtest.engine.gregor.mutators.NegateConditionalsMutator,preHandle,47,KILLED,edu.ucsb.cs156.organic.Interceptors.RoleUserInterceptorTests.[engine:junit-jupiter]/[class:edu.ucsb.cs156.organic.Interceptors.RoleUserInterceptorTests]/[method:user_not_present_in_db_and_no_role_update_by_interceptor()]
RoleUserInterceptor.java,edu.ucsb.cs156.organic.Interceptors.RoleUserInterceptor,org.pitest.mutationtest.engine.gregor.mutators.NegateConditionalsMutator,preHandle,59,KILLED,edu.ucsb.cs156.organic.Interceptors.RoleUserInterceptorTests.[engine:junit-jupiter]/[class:edu.ucsb.cs156.organic.Interceptors.RoleUserInterceptorTests]/[method:interceptor_removes_instructor_role_when_driver_field_in_db_is_false()]
RoleUserInterceptor.java,edu.ucsb.cs156.organic.Interceptors.RoleUserInterceptor,org.pitest.mutationtest.engine.gregor.mutators.NegateConditionalsMutator,preHandle,63,KILLED,edu.ucsb.cs156.organic.Interceptors.RoleUserInterceptorTests.[engine:junit-jupiter]/[class:edu.ucsb.cs156.organic.Interceptors.RoleUserInterceptorTests]/[method:interceptor_removes_instructor_role_when_driver_field_in_db_is_false()]
RoleUserInterceptor.java,edu.ucsb.cs156.organic.Interceptors.RoleUserInterceptor,org.pitest.mutationtest.engine.gregor.mutators.VoidMethodCallMutator,preHandle,55,KILLED,edu.ucsb.cs156.organic.Interceptors.RoleUserInterceptorTests.[engine:junit-jupiter]/[class:edu.ucsb.cs156.organic.Interceptors.RoleUserInterceptorTests]/[method:interceptor_removes_instructor_role_when_driver_field_in_db_is_false()]
RoleUserInterceptor.java,edu.ucsb.cs156.organic.Interceptors.RoleUserInterceptor,org.pitest.mutationtest.engine.gregor.mutators.VoidMethodCallMutator,preHandle,68,KILLED,edu.ucsb.cs156.organic.Interceptors.RoleUserInterceptorTests.[engine:junit-jupiter]/[class:edu.ucsb.cs156.organic.Interceptors.RoleUserInterceptorTests]/[method:interceptor_removes_instructor_role_when_driver_field_in_db_is_false()]
RoleUserInterceptor.java,edu.ucsb.cs156.organic.Interceptors.RoleUserInterceptor,org.pitest.mutationtest.engine.gregor.mutators.returns.BooleanFalseReturnValsMutator,preHandle,72,KILLED,edu.ucsb.cs156.organic.controllers.SystemInfoControllerTests.[engine:junit-jupiter]/[class:edu.ucsb.cs156.organic.controllers.SystemInfoControllerTests]/[method:systemInfo__admin_logged_in()]
ApiController.java,edu.ucsb.cs156.organic.controllers.ApiController,org.pitest.mutationtest.engine.gregor.mutators.returns.NullReturnValsMutator,genericMessage,37,KILLED,edu.ucsb.cs156.organic.controllers.UsersControllerTests.[engine:junit-jupiter]/[class:edu.ucsb.cs156.organic.controllers.UsersControllerTests]/[method:admin_can_toggle_instructor_status_of_a_user_from_true_to_false()]
ApiController.java,edu.ucsb.cs156.organic.controllers.ApiController,org.pitest.mutationtest.engine.gregor.mutators.returns.NullReturnValsMutator,getCurrentUser,29,KILLED,edu.ucsb.cs156.organic.controllers.UserInfoControllerTests.[engine:junit-jupiter]/[class:edu.ucsb.cs156.organic.controllers.UserInfoControllerTests]/[method:currentUser__get_emails()]
ApiController.java,edu.ucsb.cs156.organic.controllers.ApiController,org.pitest.mutationtest.engine.gregor.mutators.returns.NullReturnValsMutator,getMapper,81,KILLED,edu.ucsb.cs156.organic.controllers.UserInfoControllerTests.[engine:junit-jupiter]/[class:edu.ucsb.cs156.organic.controllers.UserInfoControllerTests]/[method:currentUser__logged_in()]
ApiController.java,edu.ucsb.cs156.organic.controllers.ApiController,org.pitest.mutationtest.engine.gregor.mutators.returns.NullReturnValsMutator,handleAccessDeniedException,68,KILLED,edu.ucsb.cs156.organic.controllers.CoursesControllerTests.[engine:junit-jupiter]/[class:edu.ucsb.cs156.organic.controllers.CoursesControllerTests]/[method:a_user_cannot_get_course_if_not_on_course_staff()]
ApiController.java,edu.ucsb.cs156.organic.controllers.ApiController,org.pitest.mutationtest.engine.gregor.mutators.returns.NullReturnValsMutator,handleGenericException,53,KILLED,edu.ucsb.cs156.organic.controllers.UsersControllerTests.[engine:junit-jupiter]/[class:edu.ucsb.cs156.organic.controllers.UsersControllerTests]/[method:admin_tries_to_toggleAdmin_non_existant_user_and_gets_right_error_message()]
ApiController.java,edu.ucsb.cs156.organic.controllers.ApiController,org.pitest.mutationtest.engine.gregor.mutators.returns.NullReturnValsMutator,handleIllegalArgumentException,47,KILLED,edu.ucsb.cs156.organic.controllers.JobsControllerTests.[engine:junit-jupiter]/[class:edu.ucsb.cs156.organic.controllers.JobsControllerTests]/[method:admin_launch_test_job_with_invalid_parameter_60001()]
ApiController.java,edu.ucsb.cs156.organic.controllers.ApiController,org.pitest.mutationtest.engine.gregor.mutators.returns.NullReturnValsMutator,mapperThatIgnoresMockitoMocks,97,KILLED,edu.ucsb.cs156.organic.controllers.UserInfoControllerTests.[engine:junit-jupiter]/[class:edu.ucsb.cs156.organic.controllers.UserInfoControllerTests]/[method:currentUser__logged_in()]
ApiController.java,edu.ucsb.cs156.organic.controllers.ApiController$1,org.pitest.mutationtest.engine.gregor.mutators.NegateConditionalsMutator,hasIgnoreMarker,94,KILLED,edu.ucsb.cs156.organic.controllers.UserInfoControllerTests.[engine:junit-jupiter]/[class:edu.ucsb.cs156.organic.controllers.UserInfoControllerTests]/[method:currentUser__logged_in()]
ApiController.java,edu.ucsb.cs156.organic.controllers.ApiController$1,org.pitest.mutationtest.engine.gregor.mutators.NegateConditionalsMutator,hasIgnoreMarker,94,KILLED,edu.ucsb.cs156.organic.controllers.UserInfoControllerTests.[engine:junit-jupiter]/[class:edu.ucsb.cs156.organic.controllers.UserInfoControllerTests]/[method:currentUser__logged_in()]
ApiController.java,edu.ucsb.cs156.organic.controllers.ApiController$1,org.pitest.mutationtest.engine.gregor.mutators.returns.BooleanTrueReturnValsMutator,hasIgnoreMarker,94,KILLED,edu.ucsb.cs156.organic.controllers.UserInfoControllerTests.[engine:junit-jupiter]/[class:edu.ucsb.cs156.organic.controllers.UserInfoControllerTests]/[method:currentUser__logged_in()]
CSRFController.java,edu.ucsb.cs156.organic.controllers.CSRFController,org.pitest.mutationtest.engine.gregor.mutators.returns.NullReturnValsMutator,csrf,18,KILLED,edu.ucsb.cs156.organic.controllers.CSRFControllerTests.[engine:junit-jupiter]/[class:edu.ucsb.cs156.organic.controllers.CSRFControllerTests]/[method:csrf_returns_ok()]
CoursesController.java,edu.ucsb.cs156.organic.controllers.CoursesController,org.pitest.mutationtest.engine.gregor.mutators.returns.NullReturnValsMutator,addStaff,199,KILLED,edu.ucsb.cs156.organic.controllers.CoursesControllerTests.[engine:junit-jupiter]/[class:edu.ucsb.cs156.organic.controllers.CoursesControllerTests]/[method:an_admin_user_can_add_a_staff_member_to_a_course()]
CoursesController.java,edu.ucsb.cs156.organic.controllers.CoursesController,org.pitest.mutationtest.engine.gregor.mutators.NegateConditionalsMutator,allCourses,64,KILLED,edu.ucsb.cs156.organic.controllers.CoursesControllerTests.[engine:junit-jupiter]/[class:edu.ucsb.cs156.organic.controllers.CoursesControllerTests]/[method:user_can_get_only_courses_for_which_they_are_staff()]
CoursesController.java,edu.ucsb.cs156.organic.controllers.CoursesController,org.pitest.mutationtest.engine.gregor.mutators.returns.NullReturnValsMutator,allCourses,65,KILLED,edu.ucsb.cs156.organic.controllers.CoursesControllerTests.[engine:junit-jupiter]/[class:edu.ucsb.cs156.organic.controllers.CoursesControllerTests]/[method:admin_can_get_all_courses()]
CoursesController.java,edu.ucsb.cs156.organic.controllers.CoursesController,org.pitest.mutationtest.engine.gregor.mutators.returns.NullReturnValsMutator,allCourses,67,KILLED,edu.ucsb.cs156.organic.controllers.CoursesControllerTests.[engine:junit-jupiter]/[class:edu.ucsb.cs156.organic.controllers.CoursesControllerTests]/[method:user_can_get_only_courses_for_which_they_are_staff()]
CoursesController.java,edu.ucsb.cs156.organic.controllers.CoursesController,org.pitest.mutationtest.engine.gregor.mutators.NegateConditionalsMutator,deleteCourse,161,KILLED,edu.ucsb.cs156.organic.controllers.CoursesControllerTests.[engine:junit-jupiter]/[class:edu.ucsb.cs156.organic.controllers.CoursesControllerTests]/[method:a_non_admin_or_instructor_user_cannot_delete_a_course()]
CoursesController.java,edu.ucsb.cs156.organic.controllers.CoursesController,org.pitest.mutationtest.engine.gregor.mutators.NegateConditionalsMutator,deleteCourse,167,KILLED,edu.ucsb.cs156.organic.controllers.CoursesControllerTests.[engine:junit-jupiter]/[class:edu.ucsb.cs156.organic.controllers.CoursesControllerTests]/[method:an_instructor_user_can_delete_a_course()]
CoursesController.java,edu.ucsb.cs156.organic.controllers.CoursesController,org.pitest.mutationtest.engine.gregor.mutators.VoidMethodCallMutator,deleteCourse,162,KILLED,edu.ucsb.cs156.organic.controllers.CoursesControllerTests.[engine:junit-jupiter]/[class:edu.ucsb.cs156.organic.controllers.CoursesControllerTests]/[method:an_admin_user_can_delete_a_course()]
CoursesController.java,edu.ucsb.cs156.organic.controllers.CoursesController,org.pitest.mutationtest.engine.gregor.mutators.VoidMethodCallMutator,deleteCourse,170,KILLED,edu.ucsb.cs156.organic.controllers.CoursesControllerTests.[engine:junit-jupiter]/[class:edu.ucsb.cs156.organic.controllers.CoursesControllerTests]/[method:an_instructor_user_can_delete_a_course()]
CoursesController.java,edu.ucsb.cs156.organic.controllers.CoursesController,org.pitest.mutationtest.engine.gregor.mutators.returns.NullReturnValsMutator,deleteCourse,164,KILLED,edu.ucsb.cs156.organic.controllers.CoursesControllerTests.[engine:junit-jupiter]/[class:edu.ucsb.cs156.organic.controllers.CoursesControllerTests]/[method:an_admin_user_can_delete_a_course()]
CoursesController.java,edu.ucsb.cs156.organic.controllers.CoursesController,org.pitest.mutationtest.engine.gregor.mutators.returns.NullReturnValsMutator,deleteCourse,173,KILLED,edu.ucsb.cs156.organic.controllers.CoursesControllerTests.[engine:junit-jupiter]/[class:edu.ucsb.cs156.organic.controllers.CoursesControllerTests]/[method:an_instructor_user_can_delete_a_course()]
CoursesController.java,edu.ucsb.cs156.organic.controllers.CoursesController,org.pitest.mutationtest.engine.gregor.mutators.NegateConditionalsMutator,getById,81,KILLED,edu.ucsb.cs156.organic.controllers.CoursesControllerTests.[engine:junit-jupiter]/[class:edu.ucsb.cs156.organic.controllers.CoursesControllerTests]/[method:a_user_cannot_get_course_if_not_on_course_staff()]
CoursesController.java,edu.ucsb.cs156.organic.controllers.CoursesController,org.pitest.mutationtest.engine.gregor.mutators.returns.NullReturnValsMutator,getById,86,KILLED,edu.ucsb.cs156.organic.controllers.CoursesControllerTests.[engine:junit-jupiter]/[class:edu.ucsb.cs156.organic.controllers.CoursesControllerTests]/[method:a_user_can_get_course_if_on_course_staff()]
CoursesController.java,edu.ucsb.cs156.organic.controllers.CoursesController,org.pitest.mutationtest.engine.gregor.mutators.returns.NullReturnValsMutator,getStaff,214,KILLED,edu.ucsb.cs156.organic.controllers.CoursesControllerTests.[engine:junit-jupiter]/[class:edu.ucsb.cs156.organic.controllers.CoursesControllerTests]/[method:an_admin_user_can_get_staff_for_a_course()]
CoursesController.java,edu.ucsb.cs156.organic.controllers.CoursesController,org.pitest.mutationtest.engine.gregor.mutators.returns.NullReturnValsMutator,lambda$addStaff$4,185,KILLED,edu.ucsb.cs156.organic.controllers.CoursesControllerTests.[engine:junit-jupiter]/[class:edu.ucsb.cs156.organic.controllers.CoursesControllerTests]/[method:an_admin_user_cannot_add_staff_to_a_non_existing_course()]
CoursesController.java,edu.ucsb.cs156.organic.controllers.CoursesController,org.pitest.mutationtest.engine.gregor.mutators.returns.NullReturnValsMutator,lambda$addStaff$5,188,KILLED,edu.ucsb.cs156.organic.controllers.CoursesControllerTests.[engine:junit-jupiter]/[class:edu.ucsb.cs156.organic.controllers.CoursesControllerTests]/[method:an_admin_user_cannot_add_non_existing_user_to_staff_of_an_existing_course()]
CoursesController.java,edu.ucsb.cs156.organic.controllers.CoursesController,org.pitest.mutationtest.engine.gregor.mutators.returns.NullReturnValsMutator,lambda$deleteCourse$3,159,KILLED,edu.ucsb.cs156.organic.controllers.CoursesControllerTests.[engine:junit-jupiter]/[class:edu.ucsb.cs156.organic.controllers.CoursesControllerTests]/[method:an_admin_user_cannot_delete_nonexistent_course()]
CoursesController.java,edu.ucsb.cs156.organic.controllers.CoursesController,org.pitest.mutationtest.engine.gregor.mutators.returns.NullReturnValsMutator,lambda$getById$0,79,KILLED,edu.ucsb.cs156.organic.controllers.CoursesControllerTests.[engine:junit-jupiter]/[class:edu.ucsb.cs156.organic.controllers.CoursesControllerTests]/[method:an_admin_user_cannot_get_course_for_a_non_existing_id()]
CoursesController.java,edu.ucsb.cs156.organic.controllers.CoursesController,org.pitest.mutationtest.engine.gregor.mutators.returns.NullReturnValsMutator,lambda$getById$1,83,KILLED,edu.ucsb.cs156.organic.controllers.CoursesControllerTests.[engine:junit-jupiter]/[class:edu.ucsb.cs156.organic.controllers.CoursesControllerTests]/[method:a_user_cannot_get_course_if_not_on_course_staff()]
CoursesController.java,edu.ucsb.cs156.organic.controllers.CoursesController,org.pitest.mutationtest.engine.gregor.mutators.returns.NullReturnValsMutator,lambda$getStaff$6,211,KILLED,edu.ucsb.cs156.organic.controllers.CoursesControllerTests.[engine:junit-jupiter]/[class:edu.ucsb.cs156.organic.controllers.CoursesControllerTests]/[method:an_admin_user_cannot_get_staff_for_a_non_existing_course()]
CoursesController.java,edu.ucsb.cs156.organic.controllers.CoursesController,org.pitest.mutationtest.engine.gregor.mutators.returns.NullReturnValsMutator,lambda$updateCourse$2,132,KILLED,edu.ucsb.cs156.organic.controllers.CoursesControllerTests.[engine:junit-jupiter]/[class:edu.ucsb.cs156.organic.controllers.CoursesControllerTests]/[method:an_admin_user_cannot_update_nonexistent_course()]
CoursesController.java,edu.ucsb.cs156.organic.controllers.CoursesController,org.pitest.mutationtest.engine.gregor.mutators.returns.NullReturnValsMutator,postCourse,121,KILLED,edu.ucsb.cs156.organic.controllers.CoursesControllerTests.[engine:junit-jupiter]/[class:edu.ucsb.cs156.organic.controllers.CoursesControllerTests]/[method:an_admin_user_can_post_a_new_course()]
CoursesController.java,edu.ucsb.cs156.organic.controllers.CoursesController,org.pitest.mutationtest.engine.gregor.mutators.NegateConditionalsMutator,updateCourse,139,KILLED,edu.ucsb.cs156.organic.controllers.CoursesControllerTests.[engine:junit-jupiter]/[class:edu.ucsb.cs156.organic.controllers.CoursesControllerTests]/[method:an_admin_user_can_update_a_course()]
CoursesController.java,edu.ucsb.cs156.organic.controllers.CoursesController,org.pitest.mutationtest.engine.gregor.mutators.NegateConditionalsMutator,updateCourse,143,KILLED,edu.ucsb.cs156.organic.controllers.CoursesControllerTests.[engine:junit-jupiter]/[class:edu.ucsb.cs156.organic.controllers.CoursesControllerTests]/[method:a_non_admin_or_instructor_user_cannot_update_a_course()]
CoursesController.java,edu.ucsb.cs156.organic.controllers.CoursesController,org.pitest.mutationtest.engine.gregor.mutators.VoidMethodCallMutator,updateCourse,133,KILLED,edu.ucsb.cs156.organic.controllers.CoursesControllerTests.[engine:junit-jupiter]/[class:edu.ucsb.cs156.organic.controllers.CoursesControllerTests]/[method:an_admin_user_can_update_a_course()]
CoursesController.java,edu.ucsb.cs156.organic.controllers.CoursesController,org.pitest.mutationtest.engine.gregor.mutators.VoidMethodCallMutator,updateCourse,134,KILLED,edu.ucsb.cs156.organic.controllers.CoursesControllerTests.[engine:junit-jupiter]/[class:edu.ucsb.cs156.organic.controllers.CoursesControllerTests]/[method:an_admin_user_can_update_a_course()]
CoursesController.java,edu.ucsb.cs156.organic.controllers.CoursesController,org.pitest.mutationtest.engine.gregor.mutators.VoidMethodCallMutator,updateCourse,135,KILLED,edu.ucsb.cs156.organic.controllers.CoursesControllerTests.[engine:junit-jupiter]/[class:edu.ucsb.cs156.organic.controllers.CoursesControllerTests]/[method:an_admin_user_can_update_a_course()]
CoursesController.java,edu.ucsb.cs156.organic.controllers.CoursesController,org.pitest.mutationtest.engine.gregor.mutators.VoidMethodCallMutator,updateCourse,136,KILLED,edu.ucsb.cs156.organic.controllers.CoursesControllerTests.[engine:junit-jupiter]/[class:edu.ucsb.cs156.organic.controllers.CoursesControllerTests]/[method:an_admin_user_can_update_a_course()]
CoursesController.java,edu.ucsb.cs156.organic.controllers.CoursesController,org.pitest.mutationtest.engine.gregor.mutators.VoidMethodCallMutator,updateCourse,137,KILLED,edu.ucsb.cs156.organic.controllers.CoursesControllerTests.[engine:junit-jupiter]/[class:edu.ucsb.cs156.organic.controllers.CoursesControllerTests]/[method:an_admin_user_can_update_a_course()]
CoursesController.java,edu.ucsb.cs156.organic.controllers.CoursesController,org.pitest.mutationtest.engine.gregor.mutators.VoidMethodCallMutator,updateCourse,138,KILLED,edu.ucsb.cs156.organic.controllers.CoursesControllerTests.[engine:junit-jupiter]/[class:edu.ucsb.cs156.organic.controllers.CoursesControllerTests]/[method:an_admin_user_can_update_a_course()]
CoursesController.java,edu.ucsb.cs156.organic.controllers.CoursesController,org.pitest.mutationtest.engine.gregor.mutators.returns.NullReturnValsMutator,updateCourse,149,KILLED,edu.ucsb.cs156.organic.controllers.CoursesControllerTests.[engine:junit-jupiter]/[class:edu.ucsb.cs156.organic.controllers.CoursesControllerTests]/[method:an_admin_user_can_update_a_course()]
JobsController.java,edu.ucsb.cs156.organic.controllers.JobsController,org.pitest.mutationtest.engine.gregor.mutators.returns.NullReturnValsMutator,allJobs,47,KILLED,edu.ucsb.cs156.organic.controllers.JobsControllerTests.[engine:junit-jupiter]/[class:edu.ucsb.cs156.organic.controllers.JobsControllerTests]/[method:admin_can_get_all_jobs()]
JobsController.java,edu.ucsb.cs156.organic.controllers.JobsController,org.pitest.mutationtest.engine.gregor.mutators.returns.NullReturnValsMutator,allJobsPaged,58,KILLED,edu.ucsb.cs156.organic.controllers.JobsControllerTests.[engine:junit-jupiter]/[class:edu.ucsb.cs156.organic.controllers.JobsControllerTests]/[method:admin_can_get_all_jobs_paged()]
JobsController.java,edu.ucsb.cs156.organic.controllers.JobsController,org.pitest.mutationtest.engine.gregor.mutators.ConditionalsBoundaryMutator,launchTestJob,74,KILLED,edu.ucsb.cs156.organic.controllers.JobsControllerTests.[engine:junit-jupiter]/[class:edu.ucsb.cs156.organic.controllers.JobsControllerTests]/[method:admin_launch_test_job_with_boundary_parameter_0()]
JobsController.java,edu.ucsb.cs156.organic.controllers.JobsController,org.pitest.mutationtest.engine.gregor.mutators.ConditionalsBoundaryMutator,launchTestJob,74,KILLED,edu.ucsb.cs156.organic.controllers.JobsControllerTests.[engine:junit-jupiter]/[class:edu.ucsb.cs156.organic.controllers.JobsControllerTests]/[method:admin_launch_test_job_with_boundary_parameter_60000()]
JobsController.java,edu.ucsb.cs156.organic.controllers.JobsController,org.pitest.mutationtest.engine.gregor.mutators.NegateConditionalsMutator,launchTestJob,74,KILLED,edu.ucsb.cs156.organic.controllers.JobsControllerTests.[engine:junit-jupiter]/[class:edu.ucsb.cs156.organic.controllers.JobsControllerTests]/[method:admin_launch_test_job_with_invalid_parameter_minus_1()]
JobsController.java,edu.ucsb.cs156.organic.controllers.JobsController,org.pitest.mutationtest.engine.gregor.mutators.NegateConditionalsMutator,launchTestJob,74,KILLED,edu.ucsb.cs156.organic.controllers.JobsControllerTests.[engine:junit-jupiter]/[class:edu.ucsb.cs156.organic.controllers.JobsControllerTests]/[method:admin_launch_test_job_with_invalid_parameter_60001()]
JobsController.java,edu.ucsb.cs156.organic.controllers.JobsController,org.pitest.mutationtest.engine.gregor.mutators.returns.NullReturnValsMutator,launchTestJob,78,KILLED,edu.ucsb.cs156.organic.controllers.JobsControllerTests.[engine:junit-jupiter]/[class:edu.ucsb.cs156.organic.controllers.JobsControllerTests]/[method:admin_can_launch_test_job()]
StudentsController.java,edu.ucsb.cs156.organic.controllers.StudentsController,org.pitest.mutationtest.engine.gregor.mutators.returns.NullReturnValsMutator,fromEgradesCSVRow,108,KILLED,edu.ucsb.cs156.organic.controllers.StudentsControllerTests.[engine:junit-jupiter]/[class:edu.ucsb.cs156.organic.controllers.StudentsControllerTests]/[method:admin_can_upload_students_for_an_existing_course()]
StudentsController.java,edu.ucsb.cs156.organic.controllers.StudentsController,org.pitest.mutationtest.engine.gregor.mutators.returns.NullReturnValsMutator,getStaff,72,KILLED,edu.ucsb.cs156.organic.controllers.StudentsControllerTests.[engine:junit-jupiter]/[class:edu.ucsb.cs156.organic.controllers.StudentsControllerTests]/[method:admin_can_get_all_students_for_a_course()]
StudentsController.java,edu.ucsb.cs156.organic.controllers.StudentsController,org.pitest.mutationtest.engine.gregor.mutators.MathMutator,getStaff,97,KILLED,edu.ucsb.cs156.organic.controllers.StudentsControllerTests.[engine:junit-jupiter]/[class:edu.ucsb.cs156.organic.controllers.StudentsControllerTests]/[method:admin_can_upload_students_for_an_existing_course()]
StudentsController.java,edu.ucsb.cs156.organic.controllers.StudentsController,org.pitest.mutationtest.engine.gregor.mutators.VoidMethodCallMutator,getStaff,91,KILLED,edu.ucsb.cs156.organic.controllers.StudentsControllerTests.[engine:junit-jupiter]/[class:edu.ucsb.cs156.organic.controllers.StudentsControllerTests]/[method:admin_can_upload_students_for_an_existing_course()]
StudentsController.java,edu.ucsb.cs156.organic.controllers.StudentsController,org.pitest.mutationtest.engine.gregor.mutators.VoidMethodCallMutator,getStaff,95,KILLED,edu.ucsb.cs156.organic.controllers.StudentsControllerTests.[engine:junit-jupiter]/[class:edu.ucsb.cs156.organic.controllers.StudentsControllerTests]/[method:admin_can_upload_students_for_an_existing_course()]
StudentsController.java,edu.ucsb.cs156.organic.controllers.StudentsController,org.pitest.mutationtest.engine.gregor.mutators.returns.EmptyObjectReturnValsMutator,getStaff,100,KILLED,edu.ucsb.cs156.organic.controllers.StudentsControllerTests.[engine:junit-jupiter]/[class:edu.ucsb.cs156.organic.controllers.StudentsControllerTests]/[method:admin_can_upload_students_for_an_existing_course()]
StudentsController.java,edu.ucsb.cs156.organic.controllers.StudentsController,org.pitest.mutationtest.engine.gregor.mutators.returns.NullReturnValsMutator,lambda$getStaff$0,69,KILLED,edu.ucsb.cs156.organic.controllers.StudentsControllerTests.[engine:junit-jupiter]/[class:edu.ucsb.cs156.organic.controllers.StudentsControllerTests]/[method:admin_cannot_get_all_students_for_a_non_existing_course()]
StudentsController.java,edu.ucsb.cs156.organic.controllers.StudentsController,org.pitest.mutationtest.engine.gregor.mutators.returns.NullReturnValsMutator,lambda$getStaff$1,84,KILLED,edu.ucsb.cs156.organic.controllers.StudentsControllerTests.[engine:junit-jupiter]/[class:edu.ucsb.cs156.organic.controllers.StudentsControllerTests]/[method:admin_cannot_upload_students_for_a_non_existing_course()]
StudentsController.java,edu.ucsb.cs156.organic.controllers.StudentsController,org.pitest.mutationtest.engine.gregor.mutators.NegateConditionalsMutator,upsertStudent,119,KILLED,edu.ucsb.cs156.organic.controllers.StudentsControllerTests.[engine:junit-jupiter]/[class:edu.ucsb.cs156.organic.controllers.StudentsControllerTests]/[method:admin_can_upload_students_for_an_existing_course()]
StudentsController.java,edu.ucsb.cs156.organic.controllers.StudentsController,org.pitest.mutationtest.engine.gregor.mutators.VoidMethodCallMutator,upsertStudent,121,KILLED,edu.ucsb.cs156.organic.controllers.StudentsControllerTests.[engine:junit-jupiter]/[class:edu.ucsb.cs156.organic.controllers.StudentsControllerTests]/[method:admin_can_upload_students_for_an_existing_course()]
StudentsController.java,edu.ucsb.cs156.organic.controllers.StudentsController,org.pitest.mutationtest.engine.gregor.mutators.VoidMethodCallMutator,upsertStudent,122,KILLED,edu.ucsb.cs156.organic.controllers.StudentsControllerTests.[engine:junit-jupiter]/[class:edu.ucsb.cs156.organic.controllers.StudentsControllerTests]/[method:admin_can_upload_students_for_an_existing_course()]
StudentsController.java,edu.ucsb.cs156.organic.controllers.StudentsController,org.pitest.mutationtest.engine.gregor.mutators.VoidMethodCallMutator,upsertStudent,123,KILLED,edu.ucsb.cs156.organic.controllers.StudentsControllerTests.[engine:junit-jupiter]/[class:edu.ucsb.cs156.organic.controllers.StudentsControllerTests]/[method:admin_can_upload_students_for_an_existing_course()]
StudentsController.java,edu.ucsb.cs156.organic.controllers.StudentsController,org.pitest.mutationtest.engine.gregor.mutators.returns.NullReturnValsMutator,upsertStudent,125,KILLED,edu.ucsb.cs156.organic.controllers.StudentsControllerTests.[engine:junit-jupiter]/[class:edu.ucsb.cs156.organic.controllers.StudentsControllerTests]/[method:admin_can_upload_students_for_an_existing_course()]
StudentsController.java,edu.ucsb.cs156.organic.controllers.StudentsController,org.pitest.mutationtest.engine.gregor.mutators.returns.NullReturnValsMutator,upsertStudent,128,KILLED,edu.ucsb.cs156.organic.controllers.StudentsControllerTests.[engine:junit-jupiter]/[class:edu.ucsb.cs156.organic.controllers.StudentsControllerTests]/[method:admin_can_upload_students_for_an_existing_course()]
SystemInfoController.java,edu.ucsb.cs156.organic.controllers.SystemInfoController,org.pitest.mutationtest.engine.gregor.mutators.returns.NullReturnValsMutator,getSystemInfo,24,KILLED,edu.ucsb.cs156.organic.controllers.SystemInfoControllerTests.[engine:junit-jupiter]/[class:edu.ucsb.cs156.organic.controllers.SystemInfoControllerTests]/[method:systemInfo__user_logged_in()]
UserInfoController.java,edu.ucsb.cs156.organic.controllers.UserInfoController,org.pitest.mutationtest.engine.gregor.mutators.returns.NullReturnValsMutator,getCurrentUserAsJson,43,KILLED,edu.ucsb.cs156.organic.controllers.UserInfoControllerTests.[engine:junit-jupiter]/[class:edu.ucsb.cs156.organic.controllers.UserInfoControllerTests]/[method:currentUser__logged_in()]
UserInfoController.java,edu.ucsb.cs156.organic.controllers.UserInfoController,org.pitest.mutationtest.engine.gregor.mutators.returns.NullReturnValsMutator,getStaffedCourses,70,KILLED,edu.ucsb.cs156.organic.controllers.UserInfoControllerTests.[engine:junit-jupiter]/[class:edu.ucsb.cs156.organic.controllers.UserInfoControllerTests]/[method:currentUser__get_staffed_courses()]
UserInfoController.java,edu.ucsb.cs156.organic.controllers.UserInfoController,org.pitest.mutationtest.engine.gregor.mutators.returns.NullReturnValsMutator,getUsersEmails,62,KILLED,edu.ucsb.cs156.organic.controllers.UserInfoControllerTests.[engine:junit-jupiter]/[class:edu.ucsb.cs156.organic.controllers.UserInfoControllerTests]/[method:currentUser__get_emails()]
UserInfoController.java,edu.ucsb.cs156.organic.controllers.UserInfoController,org.pitest.mutationtest.engine.gregor.mutators.VoidMethodCallMutator,updateLastOnline,52,KILLED,edu.ucsb.cs156.organic.controllers.UserInfoControllerTests.[engine:junit-jupiter]/[class:edu.ucsb.cs156.organic.controllers.UserInfoControllerTests]/[method:currentUser__update_last_online()]
UserInfoController.java,edu.ucsb.cs156.organic.controllers.UserInfoController,org.pitest.mutationtest.engine.gregor.mutators.returns.NullReturnValsMutator,updateLastOnline,54,KILLED,edu.ucsb.cs156.organic.controllers.UserInfoControllerTests.[engine:junit-jupiter]/[class:edu.ucsb.cs156.organic.controllers.UserInfoControllerTests]/[method:currentUser__update_last_online()]
UsersController.java,edu.ucsb.cs156.organic.controllers.UsersController,org.pitest.mutationtest.engine.gregor.mutators.returns.NullReturnValsMutator,lambda$toggleAdmin$0,47,KILLED,edu.ucsb.cs156.organic.controllers.UsersControllerTests.[engine:junit-jupiter]/[class:edu.ucsb.cs156.organic.controllers.UsersControllerTests]/[method:admin_tries_to_toggleAdmin_non_existant_user_and_gets_right_error_message()]
UsersController.java,edu.ucsb.cs156.organic.controllers.UsersController,org.pitest.mutationtest.engine.gregor.mutators.returns.NullReturnValsMutator,lambda$toggleInstructor$1,59,KILLED,edu.ucsb.cs156.organic.controllers.UsersControllerTests.[engine:junit-jupiter]/[class:edu.ucsb.cs156.organic.controllers.UsersControllerTests]/[method:admin_tries_to_toggle_instructor_for_non_existant_user_and_gets_right_error_message()]
UsersController.java,edu.ucsb.cs156.organic.controllers.UsersController,org.pitest.mutationtest.engine.gregor.mutators.NegateConditionalsMutator,toggleAdmin,49,KILLED,edu.ucsb.cs156.organic.controllers.UsersControllerTests.[engine:junit-jupiter]/[class:edu.ucsb.cs156.organic.controllers.UsersControllerTests]/[method:admin_can_toggle_admin_status_of_a_user_from_true_to_false()]
UsersController.java,edu.ucsb.cs156.organic.controllers.UsersController,org.pitest.mutationtest.engine.gregor.mutators.VoidMethodCallMutator,toggleAdmin,49,KILLED,edu.ucsb.cs156.organic.controllers.UsersControllerTests.[engine:junit-jupiter]/[class:edu.ucsb.cs156.organic.controllers.UsersControllerTests]/[method:admin_can_toggle_admin_status_of_a_user_from_true_to_false()]
UsersController.java,edu.ucsb.cs156.organic.controllers.UsersController,org.pitest.mutationtest.engine.gregor.mutators.returns.NullReturnValsMutator,toggleAdmin,51,KILLED,edu.ucsb.cs156.organic.controllers.UsersControllerTests.[engine:junit-jupiter]/[class:edu.ucsb.cs156.organic.controllers.UsersControllerTests]/[method:admin_can_toggle_admin_status_of_a_user_from_true_to_false()]
UsersController.java,edu.ucsb.cs156.organic.controllers.UsersController,org.pitest.mutationtest.engine.gregor.mutators.NegateConditionalsMutator,toggleInstructor,61,KILLED,edu.ucsb.cs156.organic.controllers.UsersControllerTests.[engine:junit-jupiter]/[class:edu.ucsb.cs156.organic.controllers.UsersControllerTests]/[method:admin_can_toggle_instructor_status_of_a_user_from_true_to_false()]
UsersController.java,edu.ucsb.cs156.organic.controllers.UsersController,org.pitest.mutationtest.engine.gregor.mutators.VoidMethodCallMutator,toggleInstructor,61,KILLED,edu.ucsb.cs156.organic.controllers.UsersControllerTests.[engine:junit-jupiter]/[class:edu.ucsb.cs156.organic.controllers.UsersControllerTests]/[method:admin_can_toggle_instructor_status_of_a_user_from_true_to_false()]
UsersController.java,edu.ucsb.cs156.organic.controllers.UsersController,org.pitest.mutationtest.engine.gregor.mutators.returns.NullReturnValsMutator,toggleInstructor,63,KILLED,edu.ucsb.cs156.organic.controllers.UsersControllerTests.[engine:junit-jupiter]/[class:edu.ucsb.cs156.organic.controllers.UsersControllerTests]/[method:admin_can_toggle_instructor_status_of_a_user_from_true_to_false()]
UsersController.java,edu.ucsb.cs156.organic.controllers.UsersController,org.pitest.mutationtest.engine.gregor.mutators.returns.NullReturnValsMutator,users,39,KILLED,edu.ucsb.cs156.organic.controllers.UsersControllerTests.[engine:junit-jupiter]/[class:edu.ucsb.cs156.organic.controllers.UsersControllerTests]/[method:users__admin_logged_in()]
User.java,edu.ucsb.cs156.organic.entities.User,org.pitest.mutationtest.engine.gregor.mutators.returns.EmptyObjectReturnValsMutator,toString,39,KILLED,edu.ucsb.cs156.organic.entities.UserTests.[engine:junit-jupiter]/[class:edu.ucsb.cs156.organic.entities.UserTests]/[method:test_toString()]
UserEmail.java,edu.ucsb.cs156.organic.entities.UserEmail,org.pitest.mutationtest.engine.gregor.mutators.returns.EmptyObjectReturnValsMutator,getGithubId,25,KILLED,edu.ucsb.cs156.organic.entities.UserEmailTests.[engine:junit-jupiter]/[class:edu.ucsb.cs156.organic.entities.UserEmailTests]/[method:test_getGithubId()]
TestJob.java,edu.ucsb.cs156.organic.jobs.TestJob,org.pitest.mutationtest.engine.gregor.mutators.NegateConditionalsMutator,accept,24,KILLED,edu.ucsb.cs156.organic.controllers.JobsControllerTests.[engine:junit-jupiter]/[class:edu.ucsb.cs156.organic.controllers.JobsControllerTests]/[method:admin_can_launch_test_job()]
TestJob.java,edu.ucsb.cs156.organic.jobs.TestJob,org.pitest.mutationtest.engine.gregor.mutators.VoidMethodCallMutator,accept,22,KILLED,edu.ucsb.cs156.organic.controllers.JobsControllerTests.[engine:junit-jupiter]/[class:edu.ucsb.cs156.organic.controllers.JobsControllerTests]/[method:admin_can_launch_test_job()]
TestJob.java,edu.ucsb.cs156.organic.jobs.TestJob,org.pitest.mutationtest.engine.gregor.mutators.VoidMethodCallMutator,accept,23,KILLED,edu.ucsb.cs156.organic.controllers.JobsControllerTests.[engine:junit-jupiter]/[class:edu.ucsb.cs156.organic.controllers.JobsControllerTests]/[method:admin_can_launch_test_job()]
TestJob.java,edu.ucsb.cs156.organic.jobs.TestJob,org.pitest.mutationtest.engine.gregor.mutators.VoidMethodCallMutator,accept,27,KILLED,edu.ucsb.cs156.organic.controllers.JobsControllerTests.[engine:junit-jupiter]/[class:edu.ucsb.cs156.organic.controllers.JobsControllerTests]/[method:admin_can_launch_test_job()]
SystemInfoServiceImpl.java,edu.ucsb.cs156.organic.services.SystemInfoServiceImpl,org.pitest.mutationtest.engine.gregor.mutators.returns.NullReturnValsMutator,getSystemInfo,35,KILLED,edu.ucsb.cs156.organic.services.SystemInfoServiceImplTests.[engine:junit-jupiter]/[class:edu.ucsb.cs156.organic.services.SystemInfoServiceImplTests]/[method:test_getSystemInfo()]
JobContext.java,edu.ucsb.cs156.organic.services.jobs.JobContext,org.pitest.mutationtest.engine.gregor.mutators.NegateConditionalsMutator,log,16,KILLED,edu.ucsb.cs156.organic.controllers.JobsControllerTests.[engine:junit-jupiter]/[class:edu.ucsb.cs156.organic.controllers.JobsControllerTests]/[method:admin_can_launch_test_job()]
JobContext.java,edu.ucsb.cs156.organic.services.jobs.JobContext,org.pitest.mutationtest.engine.gregor.mutators.VoidMethodCallMutator,log,17,KILLED,edu.ucsb.cs156.organic.controllers.JobsControllerTests.[engine:junit-jupiter]/[class:edu.ucsb.cs156.organic.controllers.JobsControllerTests]/[method:admin_can_launch_test_job()]
JobService.java,edu.ucsb.cs156.organic.services.jobs.JobService,org.pitest.mutationtest.engine.gregor.mutators.VoidMethodCallMutator,runAsJob,30,KILLED,edu.ucsb.cs156.organic.controllers.JobsControllerTests.[engine:junit-jupiter]/[class:edu.ucsb.cs156.organic.controllers.JobsControllerTests]/[method:admin_can_launch_test_job()]
JobService.java,edu.ucsb.cs156.organic.services.jobs.JobService,org.pitest.mutationtest.engine.gregor.mutators.returns.NullReturnValsMutator,runAsJob,31,KILLED,edu.ucsb.cs156.organic.controllers.JobsControllerTests.[engine:junit-jupiter]/[class:edu.ucsb.cs156.organic.controllers.JobsControllerTests]/[method:admin_can_launch_test_job()]
JobService.java,edu.ucsb.cs156.organic.services.jobs.JobService,org.pitest.mutationtest.engine.gregor.mutators.VoidMethodCallMutator,runJobAsync,39,KILLED,edu.ucsb.cs156.organic.controllers.JobsControllerTests.[engine:junit-jupiter]/[class:edu.ucsb.cs156.organic.controllers.JobsControllerTests]/[method:admin_can_launch_test_job()]
JobService.java,edu.ucsb.cs156.organic.services.jobs.JobService,org.pitest.mutationtest.engine.gregor.mutators.VoidMethodCallMutator,runJobAsync,42,KILLED,edu.ucsb.cs156.organic.controllers.JobsControllerTests.[engine:junit-jupiter]/[class:edu.ucsb.cs156.organic.controllers.JobsControllerTests]/[method:admin_can_launch_test_job_that_fails()]
JobService.java,edu.ucsb.cs156.organic.services.jobs.JobService,org.pitest.mutationtest.engine.gregor.mutators.VoidMethodCallMutator,runJobAsync,47,KILLED,edu.ucsb.cs156.organic.controllers.JobsControllerTests.[engine:junit-jupiter]/[class:edu.ucsb.cs156.organic.controllers.JobsControllerTests]/[method:admin_can_launch_test_job()]
SchoolsController.java,edu.ucsb.cs156.organic.controllers.SchoolsController,org.pitest.mutationtest.engine.gregor.mutators.returns.NullReturnValsMutator,getByAbbrev,57,KILLED,edu.ucsb.cs156.organic.controllers.SchoolsControllerTests.[engine:junit-jupiter]/[class:edu.ucsb.cs156.organic.controllers.SchoolsControllerTests]/[method:admin_can_get_by_abbrev_when_abbrev_exists()]
SchoolsController.java,edu.ucsb.cs156.organic.controllers.SchoolsController,org.pitest.mutationtest.engine.gregor.mutators.returns.NullReturnValsMutator,lambda$getByAbbrev$0,55,KILLED,edu.ucsb.cs156.organic.controllers.SchoolsControllerTests.[engine:junit-jupiter]/[class:edu.ucsb.cs156.organic.controllers.SchoolsControllerTests]/[method:admin_cannot_get_by_abbrev_when_abbrev_does_not_exists()]
SchoolsController.java,edu.ucsb.cs156.organic.controllers.SchoolsController,org.pitest.mutationtest.engine.gregor.mutators.returns.NullReturnValsMutator,postSchool,81,KILLED,edu.ucsb.cs156.organic.controllers.SchoolsControllerTests.[engine:junit-jupiter]/[class:edu.ucsb.cs156.organic.controllers.SchoolsControllerTests]/[method:an_admin_user_can_post_a_new_school()]
SchoolsController.java,edu.ucsb.cs156.organic.controllers.SchoolsController,org.pitest.mutationtest.engine.gregor.mutators.returns.NullReturnValsMutator,schools,46,KILLED,edu.ucsb.cs156.organic.controllers.SchoolsControllerTests.[engine:junit-jupiter]/[class:edu.ucsb.cs156.organic.controllers.SchoolsControllerTests]/[method:admin_can_get_all_schools()]
